1, Caio Henrique Souza Soares,Ciência da Computação, 149, L2
2, Deivid Girolometo,Ciência da Computação, 75, L5
3, Edipo Antonio de Jesus,Ciência da Computação, 62, L5
4, Emerson Rogers da Rocha Portilho,Ciência da Computação, 129, L1
5, Felipe Augusto Silva Volkweis,Ciência da Computação, 111, L1
6, Felipe Ferreira da Silva,Ciência da Computação, 60, L5
7, Hassan Kuntze Rodrigues da Cunha,Ciência da Computação, 22, A0
8, Ingrid Iracy Nascimento Silva,Ciência da Computação,126,L1
9, Joao Guilherme Ribeiro Ferreira,Ciência da Computação,21,A0
10, Joao Leoncio Nunes Pedreira,Ciência da Computação,67,L5
11, Joao Paulo Souza Simao da Silva,Ciência da Computação,127,L1
12, Jonathan Santos do Nascimento,Ciência da Computação,120,L1
13, Leandro Perius Heck,Ciência da Computação,125,L1
14, Leonardo Bazzanella,Ciência da Computação,119,L1
15, Leonardo Yuri Dalla Corte Brancalione,Ciência da Computação,63,L5
16, Luiz Roberto Dendena,Ciência da Computação,50,L5
17, Marcelo Gomes Braga Araujo,Ciência da Computação,123,L1
18, Mayara Leticia Ogliari,Ciência da Computação,56,L5
19, Milena Lamp,Ciência da Computação,102,L1
20, Rafael Fernandes da Silva,Ciência da Computação,70,L5
21, Rafaelle Larisa de Arruda,Ciência da Computação,166,L2
22, Rafaga Alexis Cruz Vilares Santos,Ciência da Computação,57,L5
23, Raquel Martins,Ciência da Computação,61,L5
24, Renan Augusto Salgado,Ciência da Computação,113,L1
25, Robson Liesner de Lima Junior,Ciência da Computação,37,A0
26, Rodrigo Rech Moraes,Ciência da Computação,36,A0
27, Stelia Pereira Rocha,Ciência da Computação,158,L2
28, Thailson Decol,Ciência da Computação,32,A0
29, Victor George Issa Silvestri,Ciência da Computação,27,A0
30, William Cabral Donato Spader,Ciência da Computação,30,A0
31, Yago Lucas de Lima Alves,Ciência da Computação,106,L1
32, Alexandre Augusto Bueno,Medicina,825,L13
33, Bruna Vale Leal,Medicina,158,L6
34, Daniel Boquai Camargo,Medicina,8,A0
35, Erickson Fernando Carvalho de Azevedo,Medicina,422,L2
36, Evellyn Guimaraes Farias,Medicina,168,L1
37, Jessica de Oliveira Goncalves,Medicina,2403,L14
38, Maria Raquel Alexandre Nascimento Ramos e Barros,Medicina,307,L2
39, Monaliza Cristine Mazocco,Medicina,163,L1
40, Murilo Fernandes de Castro,Medicina,162,L1
41, Natam Caleu Sbardelotto Germann,Medicina,877,L9
42, Raissa Cecchin Rodrigues,Medicina,869,L9
43, Arineia de Menezes Melo,Administração,47,L5
44, Caroline Sikorski,Administração,106,L1
45, Cleverson Schroeder Baron,Administração,115,L1
46, Deborah Goncalves de Souza Pinto,Administração,102,L1
47, Eduardo Fassini,Administração,40,L5
48, Evelyn Paula Cechet,Administração,55,L5
49, Gabriel Borges da Costa,Administração,98,L1
50, Geomar Tremea,Administração,34,A0
51, Joana Eva Fraporti,Administração,44,L5
52, Joao Carlos de Aguiar Almeida,Administração,113,L1
53, Lucas Vinicius Costa de Oliveira,Administração,161,L2
54, Luiz Henrique Martinelli,Administração,59,V543
55, Marcos Eli dos Santos Kohler,Administração,116,L1
56, Mauricio Laba de Souza Pinto,Administração,18,A0
57, Meire Kelly Santiago Assis,Administração,101,L1
58, Moises Goncalves,Administração,49,L5
59, Pamela Cristina Plauth,Administração,105,L1
60, Silvana Modzeleski,Administração,114,L1
61, Stefany Sandi da Silva,Administração,92,L1
62, Thaisa Rita Werlang,Administração,91,L1
63, Tiago Sendroski Gobbi,Administração,43,L5
64, Veronica Cavati Santana Neto,Administração,31,A0
65, Viviane Custodio,Administração,205,L21